id,question
0,What is the purpose of the office hours session mentioned in the transcript?
0,How many people have joined the office hours?
0,Who asked the first question during the office hours?
0,How long has it been since the last office hours session?
0,What greeting does the host use to welcome participants?
1,What specific topics will this video cover?
1,"Is it only about projects, or can we ask other questions too?"
1,Who asked the initial question in the video?
1,What is the main purpose of this video?
1,Can we submit questions that are unrelated to projects?
2,Where can I find the link to submit questions?
2,What will happen after I click the pinned link?
2,How will my questions be addressed during the session?
2,Will the screen sharing help me with the new Zoom interface?
2,Is the link to submit questions available in the live chat?
3,What is necessary to receive a certificate of completion for this course?
3,Are homework assignments prioritized in this course?
3,What is the critical component for course completion?
3,What will be discussed at the beginning of the course?
3,Is it required to complete a project for certification?
4,What should I prioritize to pass the course?
4,Is homework important for passing according to the transcript?
4,What demonstrates my ability to pass the course?
4,Where can I find more information about project requirements?
4,What is the critical component for passing the course?
5,What is the purpose of the video linked in the transcript?
5,Is the linked video specific to a certain course?
5,Do the principles in the video apply to all projects?
5,Will the evaluation criteria be the same as in the video?
5,How should I interpret the principles from an unrelated course?
6,What should I do to prepare for the evaluation criteria for my project?
6,How long do I have to give feedback on the evaluation criteria?
6,What happens if I have questions about the evaluation criteria?
6,Why is it important to review the evaluation criteria?
6,What will happen to the criteria after the feedback period ends?
7,What are the evaluation criteria mentioned in the transcript?
7,Why is selecting a project topic challenging for students?
7,What suggestions are provided to help with project topic selection?
7,How important are the criteria while working on a project?
7,What common difficulties do students face when starting their projects?
8,What should I do if I haven't selected a dataset for my project?
8,How soon do I need to choose a dataset for my project?
8,Where can I discuss my dataset choice if I'm unsure?
8,Why is it important to know what dataset I want to work on?
8,Who can I reach out to for help with selecting a dataset?
9,What is the importance of clarity in choosing a dataset?
9,How does clarity affect the project process?
9,Why should everyone be aware of their project focus?
9,What steps are simplified by having clarity?
9,What should team members know before selecting a dataset?
10,What additional resources are mentioned for the project criteria?
10,Where can I find tips and best practices for the project?
10,Is there a video related to project structure and submission?
10,How can I access the documentation for the project?
10,What insights can the associated video provide about the course?
11,What should I know about project structure and submission?
11,Can I begin my project before the submission deadline?
11,What does 'project attempt' mean in this context?
11,Is it necessary for my GitHub link to be public?
11,When can I submit my project after starting it?
12,What should I do with my GitHub link before submitting it?
12,Where can I find more details related to my project attempt?
12,Is it necessary for my GitHub link to be public?
12,What is the significance of making the GitHub link public?
12,What video is mentioned for additional information?
13,What is the focus of Optional Module 7?
13,Does Module 7 include traditional homework assignments?
13,What does the course project in Module 7 involve?
13,Can students achieve the maximum score with Module 7?
13,Will the project in Module 7 at least pass?
14,What will happen if a student does not earn the maximum score?
14,Will students still achieve high marks in some evaluation criteria?
14,What does it mean to pass in this context?
14,Are there specific evaluation criteria mentioned?
14,How does earning high marks affect overall performance?
15,What type of experiment was conducted in the project?
15,How long is the recorded process of the project?
15,What issues did the experiment address during the process?
15,Is it necessary to watch the entire recorded content?
15,What is the purpose of the recorded experiment?
16,What is the purpose of watching the example project?
16,How can the example project aid in my final project?
16,Is there room for creativity in my final project?
16,Are there different approaches I can take based on the example?
16,What should I focus on while watching the example project?
17,What should I consider when organizing multiple data transcripts?
17,Are transcripts from Notion similar to those from articles?
17,Do I need to treat transcripts from different platforms differently?
17,How can I efficiently manage data from various sources?
17,What tips are there for handling multiple data sources effectively?
18,What similarities exist between articles and other data sources?
18,Is extensive preprocessing necessary for articles?
18,Why might articles require less preprocessing?
18,What does it mean for articles to be structured?
18,How does the structure of articles affect data handling?
19,What are the common issues with YouTube transcripts?
19,How can I improve the structure of a YouTube transcript?
19,Which tools can help enhance the clarity of a transcript?
19,What specific feature can I use to make the text editable?
19,Why is it important to add structure to transcripts?
20,How can I make the text editable in the transcript?
20,What features can help structure the transcript into paragraphs?
20,Can you explain the benefits of structuring the transcript?
20,What does it mean to create a manageable format for use?
20,Is there a specific way to request these changes in the transcript?
21,What is the benefit of splitting structured text into sub-documents?
21,How can you create prompts from articles or transcripts?
21,What strategies are mentioned for chunking text?
21,Why is it important to index each sub-document separately?
21,What factors should be considered when segmenting text for analysis?
22,What are text chunks used for in analysis?
22,How can one organize their approach to datasets?
22,What should you ask an LLM to do with documents?
22,What is the desired outcome mentioned regarding text segments?
22,Why might someone want to summarize documents before analysis?
23,What are some common challenges associated with prompt engineering?
23,How can trial and error be beneficial in developing successful strategies?
23,What should you do if your initial prompts do not produce the expected results?
23,Why is modifying prompts important in prompt engineering?
23,What role does testing different phrasing play in achieving desired outcomes?
24,What are the main challenges associated with prompt engineering?
24,How can you improve the outcomes of prompt engineering?
24,What role does testing different phrasing play in this process?
24,Why is it important to provide specific instructions?
24,What is meant by the iterative process in prompt engineering?
25,What metrics should be used when evaluating prompt adjustments?
25,How can user feedback help in the evaluation process?
25,What types of feedback are suggested for assessing data efficacy?
25,Why is it important to collect user feedback when adjusting prompts?
25,What role do upvotes and downvotes play in data evaluation?
26,How can LLMs ensure the reliability of my dataset?
26,In what way do LLMs assist in data evaluation?
26,What role do LLMs play in verifying responses?
26,Can LLMs help identify good responses in my data?
26,Why is it important to have a reliable basis for my dataset?
27,What is one suggestion for a project mentioned in the transcript?
27,How can the Q&A chat enhance audience engagement?
27,What should the Q&A chat build off of to be more effective?
27,What is the role of knowledge bases in relation to project ideas?
27,Why is it important for the Q&A chat to find relevant posts?
28,What is the main focus of the content discussed in this transcript chunk?
28,How do knowledge bases contribute to the projects mentioned?
28,What type of data is included in knowledge bases?
28,What advantage does creating your own content provide?
28,Why is enhancing engagement important in these projects?
29,What types of projects involve scraped data related to supermarket products?
29,How can nutritional facts be utilized in these projects?
29,What feature allows users to replace items based on nutritional values?
29,What potential applications could arise from exploring nutritional facts?
29,Are there any challenges mentioned in dealing with scraped data?
30,What are some potential applications mentioned in the text?
30,Why is it important to start with a narrower focus?
30,What does the text imply about feasibility?
30,How does narrowing the focus help with applications?
30,What is being discussed in the context of data usage?
31,What is a complex project idea mentioned in the transcript?
31,How can user queries be handled in project development?
31,What should be considered when developing an expense tracker?
31,What might be a limitation when translating user queries?
31,Is the chatboard project suggested within a certain scope?
32,What should I consider when suggesting complex projects?
32,How might these suggestions go beyond the course scope?
32,Are there specific areas where complexities are expected?
32,What implications arise from extending project suggestions?
32,Can you clarify the course limits regarding project complexity?
33,What should you consider when using data from a messenger group chat?
33,How should you adapt your strategies when working with unstructured data?
33,Why is flexibility important in project management?
33,What constraints should influence your project approach?
33,When might you decide to skip complex parts of a project?
34,What aspects of project management should be prioritized according to the transcript?
34,How should one approach complex elements in projects?
34,What is the suggested attitude towards time and budget in project management?
34,Is it advisable to skip certain elements in a project? Why?
34,What does the transcript imply about adaptability in projects?
35,Why is reproducibility considered vital in research projects?
35,What should you ideally do to ensure thorough evaluation and learning?
35,Is it always necessary to reproduce each project from scratch?
35,What alternative method can you use if you have limited time?
35,What does reviewing code entail without full reproduction?
36,What are the key elements needed for a successful project submission?
36,Why is a comprehensive GitHub repository important for project submission?
36,What happens if I only submit a solitary file or pipeline?
36,What should be included in my GitHub repository for evaluation?
36,Are there specific evaluation criteria I need to meet for my project?
37,What is emphasized regarding the submission format for the project?
37,What should everyone do while working on their projects?
37,Where can participants ask questions if they need assistance?
37,Is there an encouragement to enjoy the project work?
37,What is mentioned about the inadequacy of a solitary file or pipeline?
38,What key topics were discussed in the session regarding project submissions?
38,Can you summarize the effective preparation strategies mentioned?
38,What advice was given for structuring data in projects?
38,How important is it to select datasets promptly according to the session?
38,What should I seek during the project submission process as per the discussion?
39,What should I remember regarding the selection of datasets?
39,Where can I seek help if needed?
39,How can learning from peers benefit my project outcomes?
39,What should I do if I encounter difficulties with my project?
39,Why is it important to engage fully in the process?
40,How will my project outcomes be enhanced according to the conclusion?
40,What should I do to engage fully in the project?
40,What experience is being emphasized in the conclusion?
40,Is there a specific attitude I should adopt while working on the project?
40,What is the overall message conveyed in the conclusion about project building?
